{"train/loss": 0.0335, "train/grad_norm": 1.0836098194122314, "train/learning_rate": 2.395511601369342e-06, "train/epoch": 250.0, "train/global_step": 31500, "_timestamp": 1714839710.1430264, "_runtime": 30466.033559322357, "_step": 132, "eval/loss": 1.1333636045455933, "eval/runtime": 4.7237, "eval/samples_per_second": 123.842, "eval/steps_per_second": 2.964, "train_runtime": 28840.6921, "train_samples_per_second": 45.578, "train_steps_per_second": 1.092, "total_flos": 1.341237224448e+17, "train_loss": 0.8529038647848463}